Alpha_001,Alpha
Alpha_002,Alpha
Alpha_003,Alpha
Alpha_004,Alpha
Alpha_005,Alpha
Alpha_006,Alpha
Alpha_007,Alpha
Alpha_008,Alpha
Alpha_009,Alpha
Alpha_010,Alpha
Beta_001,Beta
Beta_002,Beta
Beta_003,Beta
Beta_004,Beta
Beta_005,Beta
Beta_006,Beta
Beta_007,Beta
Beta_008,Beta
Gamma_001,Gamma
Gamma_002,Gamma
Gamma_003,Gamma
Gamma_004,Gamma
Gamma_005,Gamma
Gamma_006,Gamma
Gamma_007,Gamma
Gamma_008,Gamma
Gamma_009,Gamma
Delta_001,Delta
Delta_002,Delta
Delta_003,Delta
Delta_004,Delta
Delta_005,Delta
Delta_006,Delta
Delta_007,Delta
